user_count,worker_id,photo_link,est_gender,est_age_range
24191,~01d9d49fb0f06ce286,"=IMAGE(""https://raw.githubusercontent.com/efoongch/upwork-pay-by-gender/master/resized_profile_photos/resized_images_unitedstates_allskills_2017_12_12/24191.jpg"", 1)",male,6
52731,~0134e7fd8f93337e8f,"=IMAGE(""https://raw.githubusercontent.com/efoongch/upwork-pay-by-gender/master/resized_profile_photos/resized_images_unitedstates_allskills_2017_12_12/52731.jpg"", 1)",male,5
34375,~01f13acbf69b3fa115,"=IMAGE(""https://raw.githubusercontent.com/efoongch/upwork-pay-by-gender/master/resized_profile_photos/resized_images_unitedstates_allskills_2017_12_12/34375.jpg"", 1)",male,6
34157,~011114cf7e39f03ec7,"=IMAGE(""https://raw.githubusercontent.com/efoongch/upwork-pay-by-gender/master/resized_profile_photos/resized_images_unitedstates_allskills_2017_12_12/34157.jpg"", 1)",female,4
11044,~015a1671c30ae46098,"=IMAGE(""https://raw.githubusercontent.com/efoongch/upwork-pay-by-gender/master/resized_profile_photos/resized_images_unitedstates_allskills_2017_12_12/11044.jpg"", 1)",male,4
44560,~0159155ea7f46c66b0,"=IMAGE(""https://raw.githubusercontent.com/efoongch/upwork-pay-by-gender/master/resized_profile_photos/resized_images_unitedstates_allskills_2017_12_12/44560.jpg"", 1)",male,3
29306,~01809b0fd242bbc65c,"=IMAGE(""https://raw.githubusercontent.com/efoongch/upwork-pay-by-gender/master/resized_profile_photos/resized_images_unitedstates_allskills_2017_12_12/29306.jpg"", 1)",male,4
10704,~01a5f560594f72e8fa,"=IMAGE(""https://raw.githubusercontent.com/efoongch/upwork-pay-by-gender/master/resized_profile_photos/resized_images_unitedstates_allskills_2017_12_12/10704.jpg"", 1)",male,4
19253,~0169223b20f19e7249,"=IMAGE(""https://raw.githubusercontent.com/efoongch/upwork-pay-by-gender/master/resized_profile_photos/resized_images_unitedstates_allskills_2017_12_12/19253.jpg"", 1)",male,3
48639,~01cd634930e15ecc65,"=IMAGE(""https://raw.githubusercontent.com/efoongch/upwork-pay-by-gender/master/resized_profile_photos/resized_images_unitedstates_allskills_2017_12_12/48639.jpg"", 1)",male,3
31000,~01434122ef36ce8f87,"=IMAGE(""https://raw.githubusercontent.com/efoongch/upwork-pay-by-gender/master/resized_profile_photos/resized_images_unitedstates_allskills_2017_12_12/31000.jpg"", 1)",male,4
37540,~01b4b8a703146c4170,"=IMAGE(""https://raw.githubusercontent.com/efoongch/upwork-pay-by-gender/master/resized_profile_photos/resized_images_unitedstates_allskills_2017_12_12/37540.jpg"", 1)",male,3
24248,~013159549732323ccc,"=IMAGE(""https://raw.githubusercontent.com/efoongch/upwork-pay-by-gender/master/resized_profile_photos/resized_images_unitedstates_allskills_2017_12_12/24248.jpg"", 1)",male,4
4532,~010bbd91ef7666820f,"=IMAGE(""https://raw.githubusercontent.com/efoongch/upwork-pay-by-gender/master/resized_profile_photos/resized_images_unitedstates_allskills_2017_12_12/4532.jpg"", 1)",male,3
27955,~01cce19a32f8ca166f,"=IMAGE(""https://raw.githubusercontent.com/efoongch/upwork-pay-by-gender/master/resized_profile_photos/resized_images_unitedstates_allskills_2017_12_12/27955.jpg"", 1)",female,3
12821,~010ab42c03c352d938,"=IMAGE(""https://raw.githubusercontent.com/efoongch/upwork-pay-by-gender/master/resized_profile_photos/resized_images_unitedstates_allskills_2017_12_12/12821.jpg"", 1)",male,3
50850,~014418ea31b4b553ae,"=IMAGE(""https://raw.githubusercontent.com/efoongch/upwork-pay-by-gender/master/resized_profile_photos/resized_images_unitedstates_allskills_2017_12_12/50850.jpg"", 1)",female,3
16352,~01751d3e2f47b7cecd,"=IMAGE(""https://raw.githubusercontent.com/efoongch/upwork-pay-by-gender/master/resized_profile_photos/resized_images_unitedstates_allskills_2017_12_12/16352.jpg"", 1)",male,3
3584,~01c0e8b84d92e14096,"=IMAGE(""https://raw.githubusercontent.com/efoongch/upwork-pay-by-gender/master/resized_profile_photos/resized_images_unitedstates_allskills_2017_12_12/3584.jpg"", 1)",male,4
13432,~01c1aa5f42fbf1558f,"=IMAGE(""https://raw.githubusercontent.com/efoongch/upwork-pay-by-gender/master/resized_profile_photos/resized_images_unitedstates_allskills_2017_12_12/13432.jpg"", 1)",female,4
31605,~01863dd3cf90664852,"=IMAGE(""https://raw.githubusercontent.com/efoongch/upwork-pay-by-gender/master/resized_profile_photos/resized_images_unitedstates_allskills_2017_12_12/31605.jpg"", 1)",female,3
52509,~0166902be10a25b429,"=IMAGE(""https://raw.githubusercontent.com/efoongch/upwork-pay-by-gender/master/resized_profile_photos/resized_images_unitedstates_allskills_2017_12_12/52509.jpg"", 1)",male,4
12433,~0138ab5738f4ce0b69,"=IMAGE(""https://raw.githubusercontent.com/efoongch/upwork-pay-by-gender/master/resized_profile_photos/resized_images_unitedstates_allskills_2017_12_12/12433.jpg"", 1)",female,4
16834,~01380bcc5b40b978c8,"=IMAGE(""https://raw.githubusercontent.com/efoongch/upwork-pay-by-gender/master/resized_profile_photos/resized_images_unitedstates_allskills_2017_12_12/16834.jpg"", 1)",male,3
29791,~01499bd5cdad43c406,"=IMAGE(""https://raw.githubusercontent.com/efoongch/upwork-pay-by-gender/master/resized_profile_photos/resized_images_unitedstates_allskills_2017_12_12/29791.jpg"", 1)",male,7
33569,~016fc89d747d66da6b,"=IMAGE(""https://raw.githubusercontent.com/efoongch/upwork-pay-by-gender/master/resized_profile_photos/resized_images_unitedstates_allskills_2017_12_12/33569.jpg"", 1)",female,2
25903,~01deef791c1d626559,"=IMAGE(""https://raw.githubusercontent.com/efoongch/upwork-pay-by-gender/master/resized_profile_photos/resized_images_unitedstates_allskills_2017_12_12/25903.jpg"", 1)",male,5
1606,~01620d874557f06d52,"=IMAGE(""https://raw.githubusercontent.com/efoongch/upwork-pay-by-gender/master/resized_profile_photos/resized_images_unitedstates_allskills_2017_12_12/1606.jpg"", 1)",male,4
17185,~01c6a8693a292ec9ae,"=IMAGE(""https://raw.githubusercontent.com/efoongch/upwork-pay-by-gender/master/resized_profile_photos/resized_images_unitedstates_allskills_2017_12_12/17185.jpg"", 1)",male,4
53016,~013b928a250b4528af,"=IMAGE(""https://raw.githubusercontent.com/efoongch/upwork-pay-by-gender/master/resized_profile_photos/resized_images_unitedstates_allskills_2017_12_12/53016.jpg"", 1)",male,3
19419,~018cdafd2c0c444855,"=IMAGE(""https://raw.githubusercontent.com/efoongch/upwork-pay-by-gender/master/resized_profile_photos/resized_images_unitedstates_allskills_2017_12_12/19419.jpg"", 1)",male,4
9025,~01195477e9acaed14e,"=IMAGE(""https://raw.githubusercontent.com/efoongch/upwork-pay-by-gender/master/resized_profile_photos/resized_images_unitedstates_allskills_2017_12_12/9025.jpg"", 1)",female,3
24080,~01c05e4f87d793402a,"=IMAGE(""https://raw.githubusercontent.com/efoongch/upwork-pay-by-gender/master/resized_profile_photos/resized_images_unitedstates_allskills_2017_12_12/24080.jpg"", 1)",male,3
6375,~01766aae6c716f8cdf,"=IMAGE(""https://raw.githubusercontent.com/efoongch/upwork-pay-by-gender/master/resized_profile_photos/resized_images_unitedstates_allskills_2017_12_12/6375.jpg"", 1)",female,3
18515,~019b3639f360732d9e,"=IMAGE(""https://raw.githubusercontent.com/efoongch/upwork-pay-by-gender/master/resized_profile_photos/resized_images_unitedstates_allskills_2017_12_12/18515.jpg"", 1)",male,3
43555,~016cbd3c02962c0a43,"=IMAGE(""https://raw.githubusercontent.com/efoongch/upwork-pay-by-gender/master/resized_profile_photos/resized_images_unitedstates_allskills_2017_12_12/43555.jpg"", 1)",male,3
39946,~01e4cc6163c192d6bd,"=IMAGE(""https://raw.githubusercontent.com/efoongch/upwork-pay-by-gender/master/resized_profile_photos/resized_images_unitedstates_allskills_2017_12_12/39946.jpg"", 1)",female,3
35608,~014d48845d3f575e6d,"=IMAGE(""https://raw.githubusercontent.com/efoongch/upwork-pay-by-gender/master/resized_profile_photos/resized_images_unitedstates_allskills_2017_12_12/35608.jpg"", 1)",male,3
29033,~01aa52f3becdb69c76,"=IMAGE(""https://raw.githubusercontent.com/efoongch/upwork-pay-by-gender/master/resized_profile_photos/resized_images_unitedstates_allskills_2017_12_12/29033.jpg"", 1)",female,4
17031,~018ea0d3f328f40580,"=IMAGE(""https://raw.githubusercontent.com/efoongch/upwork-pay-by-gender/master/resized_profile_photos/resized_images_unitedstates_allskills_2017_12_12/17031.jpg"", 1)",female,3
24173,~013c4bb53228e9af24,"=IMAGE(""https://raw.githubusercontent.com/efoongch/upwork-pay-by-gender/master/resized_profile_photos/resized_images_unitedstates_allskills_2017_12_12/24173.jpg"", 1)",female,6
14219,~01f17c6f7c45178e12,"=IMAGE(""https://raw.githubusercontent.com/efoongch/upwork-pay-by-gender/master/resized_profile_photos/resized_images_unitedstates_allskills_2017_12_12/14219.jpg"", 1)",male,4
30239,~013ddaaa295b6e7080,"=IMAGE(""https://raw.githubusercontent.com/efoongch/upwork-pay-by-gender/master/resized_profile_photos/resized_images_unitedstates_allskills_2017_12_12/30239.jpg"", 1)",male,3
15823,~01382a7f0029a60f68,"=IMAGE(""https://raw.githubusercontent.com/efoongch/upwork-pay-by-gender/master/resized_profile_photos/resized_images_unitedstates_allskills_2017_12_12/15823.jpg"", 1)",female,3
17464,~01363cfccd14dbb8bd,"=IMAGE(""https://raw.githubusercontent.com/efoongch/upwork-pay-by-gender/master/resized_profile_photos/resized_images_unitedstates_allskills_2017_12_12/17464.jpg"", 1)",female,5
29125,~01d90e6029861510ce,"=IMAGE(""https://raw.githubusercontent.com/efoongch/upwork-pay-by-gender/master/resized_profile_photos/resized_images_unitedstates_allskills_2017_12_12/29125.jpg"", 1)",male,3
48485,~01577643d481ad59e5,"=IMAGE(""https://raw.githubusercontent.com/efoongch/upwork-pay-by-gender/master/resized_profile_photos/resized_images_unitedstates_allskills_2017_12_12/48485.jpg"", 1)",female,3
31070,~01cb8be21860ae4c25,"=IMAGE(""https://raw.githubusercontent.com/efoongch/upwork-pay-by-gender/master/resized_profile_photos/resized_images_unitedstates_allskills_2017_12_12/31070.jpg"", 1)",male,4
7802,~010026d295c351a409,"=IMAGE(""https://raw.githubusercontent.com/efoongch/upwork-pay-by-gender/master/resized_profile_photos/resized_images_unitedstates_allskills_2017_12_12/7802.jpg"", 1)",male,4
21935,~014e6353910869514e,"=IMAGE(""https://raw.githubusercontent.com/efoongch/upwork-pay-by-gender/master/resized_profile_photos/resized_images_unitedstates_allskills_2017_12_12/21935.jpg"", 1)",male,3
32413,~01a234c5c6d9e83fba,"=IMAGE(""https://raw.githubusercontent.com/efoongch/upwork-pay-by-gender/master/resized_profile_photos/resized_images_unitedstates_allskills_2017_12_12/32413.jpg"", 1)",male,3
53552,~014f6718bffad1eb1b,"=IMAGE(""https://raw.githubusercontent.com/efoongch/upwork-pay-by-gender/master/resized_profile_photos/resized_images_unitedstates_allskills_2017_12_12/53552.jpg"", 1)",male,4
49113,~015e31e3430d9a02d4,"=IMAGE(""https://raw.githubusercontent.com/efoongch/upwork-pay-by-gender/master/resized_profile_photos/resized_images_unitedstates_allskills_2017_12_12/49113.jpg"", 1)",male,3
6000,~01e069f2f59eb80dfe,"=IMAGE(""https://raw.githubusercontent.com/efoongch/upwork-pay-by-gender/master/resized_profile_photos/resized_images_unitedstates_allskills_2017_12_12/6000.jpg"", 1)",male,3
15008,~01f8f44fd7f6eb002e,"=IMAGE(""https://raw.githubusercontent.com/efoongch/upwork-pay-by-gender/master/resized_profile_photos/resized_images_unitedstates_allskills_2017_12_12/15008.jpg"", 1)",female,3
22998,~01b723a15c205ca5ad,"=IMAGE(""https://raw.githubusercontent.com/efoongch/upwork-pay-by-gender/master/resized_profile_photos/resized_images_unitedstates_allskills_2017_12_12/22998.jpg"", 1)",male,4
36232,~01b22b4c798cd31ce4,"=IMAGE(""https://raw.githubusercontent.com/efoongch/upwork-pay-by-gender/master/resized_profile_photos/resized_images_unitedstates_allskills_2017_12_12/36232.jpg"", 1)",female,3
37666,~01d3ce9db434d3aae1,"=IMAGE(""https://raw.githubusercontent.com/efoongch/upwork-pay-by-gender/master/resized_profile_photos/resized_images_unitedstates_allskills_2017_12_12/37666.jpg"", 1)",male,3
54279,~0126b42343d3f3aaa0,"=IMAGE(""https://raw.githubusercontent.com/efoongch/upwork-pay-by-gender/master/resized_profile_photos/resized_images_unitedstates_allskills_2017_12_12/54279.jpg"", 1)",female,3
9398,~0118edc1e6624060f7,"=IMAGE(""https://raw.githubusercontent.com/efoongch/upwork-pay-by-gender/master/resized_profile_photos/resized_images_unitedstates_allskills_2017_12_12/9398.jpg"", 1)",male,3
42789,~01550414d90f1e2859,"=IMAGE(""https://raw.githubusercontent.com/efoongch/upwork-pay-by-gender/master/resized_profile_photos/resized_images_unitedstates_allskills_2017_12_12/42789.jpg"", 1)",male,4
54070,~01ef0443a4ddf7b03d,"=IMAGE(""https://raw.githubusercontent.com/efoongch/upwork-pay-by-gender/master/resized_profile_photos/resized_images_unitedstates_allskills_2017_12_12/54070.jpg"", 1)",male,3
21980,~0171705c69633845b2,"=IMAGE(""https://raw.githubusercontent.com/efoongch/upwork-pay-by-gender/master/resized_profile_photos/resized_images_unitedstates_allskills_2017_12_12/21980.jpg"", 1)",male,4
2256,~01373ea117ca038344,"=IMAGE(""https://raw.githubusercontent.com/efoongch/upwork-pay-by-gender/master/resized_profile_photos/resized_images_unitedstates_allskills_2017_12_12/2256.jpg"", 1)",male,4
1720,~015d001535fc83b639,"=IMAGE(""https://raw.githubusercontent.com/efoongch/upwork-pay-by-gender/master/resized_profile_photos/resized_images_unitedstates_allskills_2017_12_12/1720.jpg"", 1)",male,3
28510,~0165cc7ed251c6d9a4,"=IMAGE(""https://raw.githubusercontent.com/efoongch/upwork-pay-by-gender/master/resized_profile_photos/resized_images_unitedstates_allskills_2017_12_12/28510.jpg"", 1)",male,3
32263,~01b811822246b29faf,"=IMAGE(""https://raw.githubusercontent.com/efoongch/upwork-pay-by-gender/master/resized_profile_photos/resized_images_unitedstates_allskills_2017_12_12/32263.jpg"", 1)",female,3
33561,~019257be973a970c92,"=IMAGE(""https://raw.githubusercontent.com/efoongch/upwork-pay-by-gender/master/resized_profile_photos/resized_images_unitedstates_allskills_2017_12_12/33561.jpg"", 1)",male,3
11571,~012612c6b7d6107970,"=IMAGE(""https://raw.githubusercontent.com/efoongch/upwork-pay-by-gender/master/resized_profile_photos/resized_images_unitedstates_allskills_2017_12_12/11571.jpg"", 1)",male,3
6173,~014152e645c61a5d74,"=IMAGE(""https://raw.githubusercontent.com/efoongch/upwork-pay-by-gender/master/resized_profile_photos/resized_images_unitedstates_allskills_2017_12_12/6173.jpg"", 1)",male,3
37530,~015520d0ff378644ca,"=IMAGE(""https://raw.githubusercontent.com/efoongch/upwork-pay-by-gender/master/resized_profile_photos/resized_images_unitedstates_allskills_2017_12_12/37530.jpg"", 1)",female,3
15922,~018429554172ef465b,"=IMAGE(""https://raw.githubusercontent.com/efoongch/upwork-pay-by-gender/master/resized_profile_photos/resized_images_unitedstates_allskills_2017_12_12/15922.jpg"", 1)",female,3
45655,~011f2c343237bfa7c6,"=IMAGE(""https://raw.githubusercontent.com/efoongch/upwork-pay-by-gender/master/resized_profile_photos/resized_images_unitedstates_allskills_2017_12_12/45655.jpg"", 1)",female,4
424,~012ffaf72279cbb192,"=IMAGE(""https://raw.githubusercontent.com/efoongch/upwork-pay-by-gender/master/resized_profile_photos/resized_images_unitedstates_allskills_2017_12_12/424.jpg"", 1)",female,4
18412,~018a660f982a556167,"=IMAGE(""https://raw.githubusercontent.com/efoongch/upwork-pay-by-gender/master/resized_profile_photos/resized_images_unitedstates_allskills_2017_12_12/18412.jpg"", 1)",female,3
33107,~01771be07e3b2f5812,"=IMAGE(""https://raw.githubusercontent.com/efoongch/upwork-pay-by-gender/master/resized_profile_photos/resized_images_unitedstates_allskills_2017_12_12/33107.jpg"", 1)",male,2
29862,~0116b3cb1443724184,"=IMAGE(""https://raw.githubusercontent.com/efoongch/upwork-pay-by-gender/master/resized_profile_photos/resized_images_unitedstates_allskills_2017_12_12/29862.jpg"", 1)",male,1
52475,~01af8262981a12bd86,"=IMAGE(""https://raw.githubusercontent.com/efoongch/upwork-pay-by-gender/master/resized_profile_photos/resized_images_unitedstates_allskills_2017_12_12/52475.jpg"", 1)",female,5
27489,~01ef1fb47831a4ed83,"=IMAGE(""https://raw.githubusercontent.com/efoongch/upwork-pay-by-gender/master/resized_profile_photos/resized_images_unitedstates_allskills_2017_12_12/27489.jpg"", 1)",female,3
23126,~016a68ca7a9015053d,"=IMAGE(""https://raw.githubusercontent.com/efoongch/upwork-pay-by-gender/master/resized_profile_photos/resized_images_unitedstates_allskills_2017_12_12/23126.jpg"", 1)",female,3
7933,~0103b1aa544c6dad59,"=IMAGE(""https://raw.githubusercontent.com/efoongch/upwork-pay-by-gender/master/resized_profile_photos/resized_images_unitedstates_allskills_2017_12_12/7933.jpg"", 1)",female,3
23902,~01f25cae5110146f06,"=IMAGE(""https://raw.githubusercontent.com/efoongch/upwork-pay-by-gender/master/resized_profile_photos/resized_images_unitedstates_allskills_2017_12_12/23902.jpg"", 1)",male,2
54549,~01799b3a5e323471a0,"=IMAGE(""https://raw.githubusercontent.com/efoongch/upwork-pay-by-gender/master/resized_profile_photos/resized_images_unitedstates_allskills_2017_12_12/54549.jpg"", 1)",male,3
20555,~015251ded53a0a59c9,"=IMAGE(""https://raw.githubusercontent.com/efoongch/upwork-pay-by-gender/master/resized_profile_photos/resized_images_unitedstates_allskills_2017_12_12/20555.jpg"", 1)",male,3
20619,~01ec005ca41a9b4dd8,"=IMAGE(""https://raw.githubusercontent.com/efoongch/upwork-pay-by-gender/master/resized_profile_photos/resized_images_unitedstates_allskills_2017_12_12/20619.jpg"", 1)",male,3
10989,~018ac64254fea3e0d9,"=IMAGE(""https://raw.githubusercontent.com/efoongch/upwork-pay-by-gender/master/resized_profile_photos/resized_images_unitedstates_allskills_2017_12_12/10989.jpg"", 1)",female,3
24329,~010469dc9943a19555,"=IMAGE(""https://raw.githubusercontent.com/efoongch/upwork-pay-by-gender/master/resized_profile_photos/resized_images_unitedstates_allskills_2017_12_12/24329.jpg"", 1)",female,4
12975,~01c08ae5e0e06e5698,"=IMAGE(""https://raw.githubusercontent.com/efoongch/upwork-pay-by-gender/master/resized_profile_photos/resized_images_unitedstates_allskills_2017_12_12/12975.jpg"", 1)",female,3
19705,~012cdb4f18f7c06325,"=IMAGE(""https://raw.githubusercontent.com/efoongch/upwork-pay-by-gender/master/resized_profile_photos/resized_images_unitedstates_allskills_2017_12_12/19705.jpg"", 1)",female,4
28799,~012b8d9b25e765d3ec,"=IMAGE(""https://raw.githubusercontent.com/efoongch/upwork-pay-by-gender/master/resized_profile_photos/resized_images_unitedstates_allskills_2017_12_12/28799.jpg"", 1)",male,3
26937,~0151fc111e221cdf40,"=IMAGE(""https://raw.githubusercontent.com/efoongch/upwork-pay-by-gender/master/resized_profile_photos/resized_images_unitedstates_allskills_2017_12_12/26937.jpg"", 1)",female,3
30338,~010ee683cc25cb45e5,"=IMAGE(""https://raw.githubusercontent.com/efoongch/upwork-pay-by-gender/master/resized_profile_photos/resized_images_unitedstates_allskills_2017_12_12/30338.jpg"", 1)",male,3
50579,~0122bdd137262e07e9,"=IMAGE(""https://raw.githubusercontent.com/efoongch/upwork-pay-by-gender/master/resized_profile_photos/resized_images_unitedstates_allskills_2017_12_12/50579.jpg"", 1)",male,4
14998,~01bde8ad8bf8047f68,"=IMAGE(""https://raw.githubusercontent.com/efoongch/upwork-pay-by-gender/master/resized_profile_photos/resized_images_unitedstates_allskills_2017_12_12/14998.jpg"", 1)",male,4
2046,~011c8682635e67af20,"=IMAGE(""https://raw.githubusercontent.com/efoongch/upwork-pay-by-gender/master/resized_profile_photos/resized_images_unitedstates_allskills_2017_12_12/2046.jpg"", 1)",male,3
52659,~01bcaad95d5fb142e1,"=IMAGE(""https://raw.githubusercontent.com/efoongch/upwork-pay-by-gender/master/resized_profile_photos/resized_images_unitedstates_allskills_2017_12_12/52659.jpg"", 1)",female,3
17404,~01c929328f27c6144c,"=IMAGE(""https://raw.githubusercontent.com/efoongch/upwork-pay-by-gender/master/resized_profile_photos/resized_images_unitedstates_allskills_2017_12_12/17404.jpg"", 1)",male,3
51433,~015c61e8168587b14d,"=IMAGE(""https://raw.githubusercontent.com/efoongch/upwork-pay-by-gender/master/resized_profile_photos/resized_images_unitedstates_allskills_2017_12_12/51433.jpg"", 1)",male,3
48133,~01f8301f811ff1385e,"=IMAGE(""https://raw.githubusercontent.com/efoongch/upwork-pay-by-gender/master/resized_profile_photos/resized_images_unitedstates_allskills_2017_12_12/48133.jpg"", 1)",male,2
39321,~01946f588eff8c1b43,"=IMAGE(""https://raw.githubusercontent.com/efoongch/upwork-pay-by-gender/master/resized_profile_photos/resized_images_unitedstates_allskills_2017_12_12/39321.jpg"", 1)",female,3
44861,~01686bcddabca3fbcc,"=IMAGE(""https://raw.githubusercontent.com/efoongch/upwork-pay-by-gender/master/resized_profile_photos/resized_images_unitedstates_allskills_2017_12_12/44861.jpg"", 1)",male,3
52753,~01c59abcfee2ecbe81,"=IMAGE(""https://raw.githubusercontent.com/efoongch/upwork-pay-by-gender/master/resized_profile_photos/resized_images_unitedstates_allskills_2017_12_12/52753.jpg"", 1)",male,3
13114,~01b41dd4d1e05bc640,"=IMAGE(""https://raw.githubusercontent.com/efoongch/upwork-pay-by-gender/master/resized_profile_photos/resized_images_unitedstates_allskills_2017_12_12/13114.jpg"", 1)",male,4
45882,~01033881f49947da99,"=IMAGE(""https://raw.githubusercontent.com/efoongch/upwork-pay-by-gender/master/resized_profile_photos/resized_images_unitedstates_allskills_2017_12_12/45882.jpg"", 1)",male,4
28263,~014d81860ed6543ad5,"=IMAGE(""https://raw.githubusercontent.com/efoongch/upwork-pay-by-gender/master/resized_profile_photos/resized_images_unitedstates_allskills_2017_12_12/28263.jpg"", 1)",male,5
30343,~0141f17f32736102ee,"=IMAGE(""https://raw.githubusercontent.com/efoongch/upwork-pay-by-gender/master/resized_profile_photos/resized_images_unitedstates_allskills_2017_12_12/30343.jpg"", 1)",male,3
38055,~01d18a656e536b5556,"=IMAGE(""https://raw.githubusercontent.com/efoongch/upwork-pay-by-gender/master/resized_profile_photos/resized_images_unitedstates_allskills_2017_12_12/38055.jpg"", 1)",male,3
47658,~010ebed1d31b742d8b,"=IMAGE(""https://raw.githubusercontent.com/efoongch/upwork-pay-by-gender/master/resized_profile_photos/resized_images_unitedstates_allskills_2017_12_12/47658.jpg"", 1)",female,4
45634,~01112197f95d81a02a,"=IMAGE(""https://raw.githubusercontent.com/efoongch/upwork-pay-by-gender/master/resized_profile_photos/resized_images_unitedstates_allskills_2017_12_12/45634.jpg"", 1)",female,4
29547,~015f87321d6997f75f,"=IMAGE(""https://raw.githubusercontent.com/efoongch/upwork-pay-by-gender/master/resized_profile_photos/resized_images_unitedstates_allskills_2017_12_12/29547.jpg"", 1)",female,3
3330,~016c6886e48a5069e6,"=IMAGE(""https://raw.githubusercontent.com/efoongch/upwork-pay-by-gender/master/resized_profile_photos/resized_images_unitedstates_allskills_2017_12_12/3330.jpg"", 1)",female,5
2910,~01fa1f51acf8bf8682,"=IMAGE(""https://raw.githubusercontent.com/efoongch/upwork-pay-by-gender/master/resized_profile_photos/resized_images_unitedstates_allskills_2017_12_12/2910.jpg"", 1)",male,4
38986,~0178fa098c7360a261,"=IMAGE(""https://raw.githubusercontent.com/efoongch/upwork-pay-by-gender/master/resized_profile_photos/resized_images_unitedstates_allskills_2017_12_12/38986.jpg"", 1)",male,3
10945,~0149740cda17c46df4,"=IMAGE(""https://raw.githubusercontent.com/efoongch/upwork-pay-by-gender/master/resized_profile_photos/resized_images_unitedstates_allskills_2017_12_12/10945.jpg"", 1)",male,7
25441,~018d6be980ed889a05,"=IMAGE(""https://raw.githubusercontent.com/efoongch/upwork-pay-by-gender/master/resized_profile_photos/resized_images_unitedstates_allskills_2017_12_12/25441.jpg"", 1)",male,3
23529,~011a7aae93e02c8356,"=IMAGE(""https://raw.githubusercontent.com/efoongch/upwork-pay-by-gender/master/resized_profile_photos/resized_images_unitedstates_allskills_2017_12_12/23529.jpg"", 1)",female,3
12168,~01f5af0f454bdb8f84,"=IMAGE(""https://raw.githubusercontent.com/efoongch/upwork-pay-by-gender/master/resized_profile_photos/resized_images_unitedstates_allskills_2017_12_12/12168.jpg"", 1)",female,3
13809,~018aaa76e76e608f8d,"=IMAGE(""https://raw.githubusercontent.com/efoongch/upwork-pay-by-gender/master/resized_profile_photos/resized_images_unitedstates_allskills_2017_12_12/13809.jpg"", 1)",male,3
30628,~014bd1d24ea96b59d5,"=IMAGE(""https://raw.githubusercontent.com/efoongch/upwork-pay-by-gender/master/resized_profile_photos/resized_images_unitedstates_allskills_2017_12_12/30628.jpg"", 1)",male,4
28314,~019b0339c502e04c9a,"=IMAGE(""https://raw.githubusercontent.com/efoongch/upwork-pay-by-gender/master/resized_profile_photos/resized_images_unitedstates_allskills_2017_12_12/28314.jpg"", 1)",female,2
50254,~010e412dea93bca791,"=IMAGE(""https://raw.githubusercontent.com/efoongch/upwork-pay-by-gender/master/resized_profile_photos/resized_images_unitedstates_allskills_2017_12_12/50254.jpg"", 1)",male,3
15611,~01c33d65983407744b,"=IMAGE(""https://raw.githubusercontent.com/efoongch/upwork-pay-by-gender/master/resized_profile_photos/resized_images_unitedstates_allskills_2017_12_12/15611.jpg"", 1)",male,3
23615,~01bd0976302ec5a78f,"=IMAGE(""https://raw.githubusercontent.com/efoongch/upwork-pay-by-gender/master/resized_profile_photos/resized_images_unitedstates_allskills_2017_12_12/23615.jpg"", 1)",male,4
40421,~01f74e481e2dd7e41f,"=IMAGE(""https://raw.githubusercontent.com/efoongch/upwork-pay-by-gender/master/resized_profile_photos/resized_images_unitedstates_allskills_2017_12_12/40421.jpg"", 1)",male,4
44511,~01bf7a31b5b1af48bc,"=IMAGE(""https://raw.githubusercontent.com/efoongch/upwork-pay-by-gender/master/resized_profile_photos/resized_images_unitedstates_allskills_2017_12_12/44511.jpg"", 1)",female,5
37460,~014e900cf0d187eab3,"=IMAGE(""https://raw.githubusercontent.com/efoongch/upwork-pay-by-gender/master/resized_profile_photos/resized_images_unitedstates_allskills_2017_12_12/37460.jpg"", 1)",female,3
50468,~01c8b8fbb545e4199b,"=IMAGE(""https://raw.githubusercontent.com/efoongch/upwork-pay-by-gender/master/resized_profile_photos/resized_images_unitedstates_allskills_2017_12_12/50468.jpg"", 1)",female,4
9718,~01aff276488e0561ee,"=IMAGE(""https://raw.githubusercontent.com/efoongch/upwork-pay-by-gender/master/resized_profile_photos/resized_images_unitedstates_allskills_2017_12_12/9718.jpg"", 1)",male,2
49626,~01d1651abfbe202146,"=IMAGE(""https://raw.githubusercontent.com/efoongch/upwork-pay-by-gender/master/resized_profile_photos/resized_images_unitedstates_allskills_2017_12_12/49626.jpg"", 1)",male,3
6245,~013fbc692fd47bdb66,"=IMAGE(""https://raw.githubusercontent.com/efoongch/upwork-pay-by-gender/master/resized_profile_photos/resized_images_unitedstates_allskills_2017_12_12/6245.jpg"", 1)",female,4
55031,~01fc7aa5062ec0f339,"=IMAGE(""https://raw.githubusercontent.com/efoongch/upwork-pay-by-gender/master/resized_profile_photos/resized_images_unitedstates_allskills_2017_12_12/55031.jpg"", 1)",male,3
50621,~01196ad634ab9075aa,"=IMAGE(""https://raw.githubusercontent.com/efoongch/upwork-pay-by-gender/master/resized_profile_photos/resized_images_unitedstates_allskills_2017_12_12/50621.jpg"", 1)",female,3
32155,~01e90909adc751c499,"=IMAGE(""https://raw.githubusercontent.com/efoongch/upwork-pay-by-gender/master/resized_profile_photos/resized_images_unitedstates_allskills_2017_12_12/32155.jpg"", 1)",female,2
42905,~01c8327dc88d6eab90,"=IMAGE(""https://raw.githubusercontent.com/efoongch/upwork-pay-by-gender/master/resized_profile_photos/resized_images_unitedstates_allskills_2017_12_12/42905.jpg"", 1)",male,3
43369,~0156fc1689a08556a7,"=IMAGE(""https://raw.githubusercontent.com/efoongch/upwork-pay-by-gender/master/resized_profile_photos/resized_images_unitedstates_allskills_2017_12_12/43369.jpg"", 1)",male,3
1439,~01195c1a286856d33a,"=IMAGE(""https://raw.githubusercontent.com/efoongch/upwork-pay-by-gender/master/resized_profile_photos/resized_images_unitedstates_allskills_2017_12_12/1439.jpg"", 1)",female,5
36376,~01844c13f0ccf40b79,"=IMAGE(""https://raw.githubusercontent.com/efoongch/upwork-pay-by-gender/master/resized_profile_photos/resized_images_unitedstates_allskills_2017_12_12/36376.jpg"", 1)",male,4
10706,~013fab091a502bb4ff,"=IMAGE(""https://raw.githubusercontent.com/efoongch/upwork-pay-by-gender/master/resized_profile_photos/resized_images_unitedstates_allskills_2017_12_12/10706.jpg"", 1)",female,3
52745,~01f84028cfb849612c,"=IMAGE(""https://raw.githubusercontent.com/efoongch/upwork-pay-by-gender/master/resized_profile_photos/resized_images_unitedstates_allskills_2017_12_12/52745.jpg"", 1)",male,3
54760,~01b0446e193f745e72,"=IMAGE(""https://raw.githubusercontent.com/efoongch/upwork-pay-by-gender/master/resized_profile_photos/resized_images_unitedstates_allskills_2017_12_12/54760.jpg"", 1)",female,3
47032,~0183d94c267bcc124a,"=IMAGE(""https://raw.githubusercontent.com/efoongch/upwork-pay-by-gender/master/resized_profile_photos/resized_images_unitedstates_allskills_2017_12_12/47032.jpg"", 1)",male,5
22452,~010b063c61f80c37e3,"=IMAGE(""https://raw.githubusercontent.com/efoongch/upwork-pay-by-gender/master/resized_profile_photos/resized_images_unitedstates_allskills_2017_12_12/22452.jpg"", 1)",female,2
30207,~01a4588c61f82b8bc8,"=IMAGE(""https://raw.githubusercontent.com/efoongch/upwork-pay-by-gender/master/resized_profile_photos/resized_images_unitedstates_allskills_2017_12_12/30207.jpg"", 1)",male,2
9601,~01d1aa8c6f4cb096ce,"=IMAGE(""https://raw.githubusercontent.com/efoongch/upwork-pay-by-gender/master/resized_profile_photos/resized_images_unitedstates_allskills_2017_12_12/9601.jpg"", 1)",female,5
34142,~013c44de671f9451d8,"=IMAGE(""https://raw.githubusercontent.com/efoongch/upwork-pay-by-gender/master/resized_profile_photos/resized_images_unitedstates_allskills_2017_12_12/34142.jpg"", 1)",female,4
468,~012d2e6300e5e1ab41,"=IMAGE(""https://raw.githubusercontent.com/efoongch/upwork-pay-by-gender/master/resized_profile_photos/resized_images_unitedstates_allskills_2017_12_12/468.jpg"", 1)",female,3
28117,~01588635dbd880152c,"=IMAGE(""https://raw.githubusercontent.com/efoongch/upwork-pay-by-gender/master/resized_profile_photos/resized_images_unitedstates_allskills_2017_12_12/28117.jpg"", 1)",female,3
634,~01005278bf9b06ba29,"=IMAGE(""https://raw.githubusercontent.com/efoongch/upwork-pay-by-gender/master/resized_profile_photos/resized_images_unitedstates_allskills_2017_12_12/634.jpg"", 1)",male,2
12094,~01b135eaacfad9f7ad,"=IMAGE(""https://raw.githubusercontent.com/efoongch/upwork-pay-by-gender/master/resized_profile_photos/resized_images_unitedstates_allskills_2017_12_12/12094.jpg"", 1)",male,4
14824,~0186cc54483d6aa931,"=IMAGE(""https://raw.githubusercontent.com/efoongch/upwork-pay-by-gender/master/resized_profile_photos/resized_images_unitedstates_allskills_2017_12_12/14824.jpg"", 1)",male,3
21087,~0199aac4ee4fc216bd,"=IMAGE(""https://raw.githubusercontent.com/efoongch/upwork-pay-by-gender/master/resized_profile_photos/resized_images_unitedstates_allskills_2017_12_12/21087.jpg"", 1)",female,5
44087,~018d2898ebc4a8109c,"=IMAGE(""https://raw.githubusercontent.com/efoongch/upwork-pay-by-gender/master/resized_profile_photos/resized_images_unitedstates_allskills_2017_12_12/44087.jpg"", 1)",female,4
13211,~0116ab5a2840b7561b,"=IMAGE(""https://raw.githubusercontent.com/efoongch/upwork-pay-by-gender/master/resized_profile_photos/resized_images_unitedstates_allskills_2017_12_12/13211.jpg"", 1)",male,4
22592,~01554021b1d7414ae7,"=IMAGE(""https://raw.githubusercontent.com/efoongch/upwork-pay-by-gender/master/resized_profile_photos/resized_images_unitedstates_allskills_2017_12_12/22592.jpg"", 1)",female,3
19247,~0182dc8db04bd904c5,"=IMAGE(""https://raw.githubusercontent.com/efoongch/upwork-pay-by-gender/master/resized_profile_photos/resized_images_unitedstates_allskills_2017_12_12/19247.jpg"", 1)",male,3
12059,~012adf064d4be121fc,"=IMAGE(""https://raw.githubusercontent.com/efoongch/upwork-pay-by-gender/master/resized_profile_photos/resized_images_unitedstates_allskills_2017_12_12/12059.jpg"", 1)",female,3
11070,~018a4da36569a49534,"=IMAGE(""https://raw.githubusercontent.com/efoongch/upwork-pay-by-gender/master/resized_profile_photos/resized_images_unitedstates_allskills_2017_12_12/11070.jpg"", 1)",male,3
43841,~0165df2a5e5b7a80a6,"=IMAGE(""https://raw.githubusercontent.com/efoongch/upwork-pay-by-gender/master/resized_profile_photos/resized_images_unitedstates_allskills_2017_12_12/43841.jpg"", 1)",male,3
8454,~01077edbb6e5d336f4,"=IMAGE(""https://raw.githubusercontent.com/efoongch/upwork-pay-by-gender/master/resized_profile_photos/resized_images_unitedstates_allskills_2017_12_12/8454.jpg"", 1)",female,3
316,~01a5090880473e5e06,"=IMAGE(""https://raw.githubusercontent.com/efoongch/upwork-pay-by-gender/master/resized_profile_photos/resized_images_unitedstates_allskills_2017_12_12/316.jpg"", 1)",male,3
29505,~014f3a57e7938dad65,"=IMAGE(""https://raw.githubusercontent.com/efoongch/upwork-pay-by-gender/master/resized_profile_photos/resized_images_unitedstates_allskills_2017_12_12/29505.jpg"", 1)",female,3
50174,~016ade715ed6322d32,"=IMAGE(""https://raw.githubusercontent.com/efoongch/upwork-pay-by-gender/master/resized_profile_photos/resized_images_unitedstates_allskills_2017_12_12/50174.jpg"", 1)",female,3
9982,~01afc02b1898110456,"=IMAGE(""https://raw.githubusercontent.com/efoongch/upwork-pay-by-gender/master/resized_profile_photos/resized_images_unitedstates_allskills_2017_12_12/9982.jpg"", 1)",male,3
4386,~01feed867a62a68777,"=IMAGE(""https://raw.githubusercontent.com/efoongch/upwork-pay-by-gender/master/resized_profile_photos/resized_images_unitedstates_allskills_2017_12_12/4386.jpg"", 1)",female,3
53940,~0169aa1336feff1e69,"=IMAGE(""https://raw.githubusercontent.com/efoongch/upwork-pay-by-gender/master/resized_profile_photos/resized_images_unitedstates_allskills_2017_12_12/53940.jpg"", 1)",female,3
5140,~01214cc65d4b8b1fc8,"=IMAGE(""https://raw.githubusercontent.com/efoongch/upwork-pay-by-gender/master/resized_profile_photos/resized_images_unitedstates_allskills_2017_12_12/5140.jpg"", 1)",male,3
52399,~011f4e82a9fba6da10,"=IMAGE(""https://raw.githubusercontent.com/efoongch/upwork-pay-by-gender/master/resized_profile_photos/resized_images_unitedstates_allskills_2017_12_12/52399.jpg"", 1)",female,3
53056,~01b14efab7b3b5c924,"=IMAGE(""https://raw.githubusercontent.com/efoongch/upwork-pay-by-gender/master/resized_profile_photos/resized_images_unitedstates_allskills_2017_12_12/53056.jpg"", 1)",male,4
27525,~01212efc484bad5c33,"=IMAGE(""https://raw.githubusercontent.com/efoongch/upwork-pay-by-gender/master/resized_profile_photos/resized_images_unitedstates_allskills_2017_12_12/27525.jpg"", 1)",male,4
21967,~01e72533914e2b0550,"=IMAGE(""https://raw.githubusercontent.com/efoongch/upwork-pay-by-gender/master/resized_profile_photos/resized_images_unitedstates_allskills_2017_12_12/21967.jpg"", 1)",female,2
52319,~01e8d6a3d4f04736a3,"=IMAGE(""https://raw.githubusercontent.com/efoongch/upwork-pay-by-gender/master/resized_profile_photos/resized_images_unitedstates_allskills_2017_12_12/52319.jpg"", 1)",female,3
48386,~01775c35d1ad01f68f,"=IMAGE(""https://raw.githubusercontent.com/efoongch/upwork-pay-by-gender/master/resized_profile_photos/resized_images_unitedstates_allskills_2017_12_12/48386.jpg"", 1)",female,1
8814,~01c5cb5f8ea3d1d58d,"=IMAGE(""https://raw.githubusercontent.com/efoongch/upwork-pay-by-gender/master/resized_profile_photos/resized_images_unitedstates_allskills_2017_12_12/8814.jpg"", 1)",male,3
19510,~0121c8a68d8aec6d69,"=IMAGE(""https://raw.githubusercontent.com/efoongch/upwork-pay-by-gender/master/resized_profile_photos/resized_images_unitedstates_allskills_2017_12_12/19510.jpg"", 1)",female,3
22549,~01b7122e3ff7aeca62,"=IMAGE(""https://raw.githubusercontent.com/efoongch/upwork-pay-by-gender/master/resized_profile_photos/resized_images_unitedstates_allskills_2017_12_12/22549.jpg"", 1)",male,3
35909,~0111c3fc0a2bbabba1,"=IMAGE(""https://raw.githubusercontent.com/efoongch/upwork-pay-by-gender/master/resized_profile_photos/resized_images_unitedstates_allskills_2017_12_12/35909.jpg"", 1)",male,3
9772,~0115e80f50a70f9b76,"=IMAGE(""https://raw.githubusercontent.com/efoongch/upwork-pay-by-gender/master/resized_profile_photos/resized_images_unitedstates_allskills_2017_12_12/9772.jpg"", 1)",male,2
53414,~01424daab5803e801f,"=IMAGE(""https://raw.githubusercontent.com/efoongch/upwork-pay-by-gender/master/resized_profile_photos/resized_images_unitedstates_allskills_2017_12_12/53414.jpg"", 1)",male,5
611,~01819c2a433c385fcc,"=IMAGE(""https://raw.githubusercontent.com/efoongch/upwork-pay-by-gender/master/resized_profile_photos/resized_images_unitedstates_allskills_2017_12_12/611.jpg"", 1)",male,3
24232,~01ce3950c683ad1a01,"=IMAGE(""https://raw.githubusercontent.com/efoongch/upwork-pay-by-gender/master/resized_profile_photos/resized_images_unitedstates_allskills_2017_12_12/24232.jpg"", 1)",female,2
55195,~0138eed0db48ce1cec,"=IMAGE(""https://raw.githubusercontent.com/efoongch/upwork-pay-by-gender/master/resized_profile_photos/resized_images_unitedstates_allskills_2017_12_12/55195.jpg"", 1)",male,3
49763,~01667e96dfbb44c5df,"=IMAGE(""https://raw.githubusercontent.com/efoongch/upwork-pay-by-gender/master/resized_profile_photos/resized_images_unitedstates_allskills_2017_12_12/49763.jpg"", 1)",male,2
26828,~019dedf308bb5329c1,"=IMAGE(""https://raw.githubusercontent.com/efoongch/upwork-pay-by-gender/master/resized_profile_photos/resized_images_unitedstates_allskills_2017_12_12/26828.jpg"", 1)",female,4
47167,~012b4bffa4f43b9b83,"=IMAGE(""https://raw.githubusercontent.com/efoongch/upwork-pay-by-gender/master/resized_profile_photos/resized_images_unitedstates_allskills_2017_12_12/47167.jpg"", 1)",female,5
35548,~0168b7bbab4ffa5ecf,"=IMAGE(""https://raw.githubusercontent.com/efoongch/upwork-pay-by-gender/master/resized_profile_photos/resized_images_unitedstates_allskills_2017_12_12/35548.jpg"", 1)",female,3
48663,~017623aa617a559f6c,"=IMAGE(""https://raw.githubusercontent.com/efoongch/upwork-pay-by-gender/master/resized_profile_photos/resized_images_unitedstates_allskills_2017_12_12/48663.jpg"", 1)",male,4
779,~01bc49f2a107a101c0,"=IMAGE(""https://raw.githubusercontent.com/efoongch/upwork-pay-by-gender/master/resized_profile_photos/resized_images_unitedstates_allskills_2017_12_12/779.jpg"", 1)",male,3
1459,~0134fc692094dcd6b1,"=IMAGE(""https://raw.githubusercontent.com/efoongch/upwork-pay-by-gender/master/resized_profile_photos/resized_images_unitedstates_allskills_2017_12_12/1459.jpg"", 1)",male,4
15867,~012db3c812bb769431,"=IMAGE(""https://raw.githubusercontent.com/efoongch/upwork-pay-by-gender/master/resized_profile_photos/resized_images_unitedstates_allskills_2017_12_12/15867.jpg"", 1)",female,3
39195,~01e46fefc20c0f58f3,"=IMAGE(""https://raw.githubusercontent.com/efoongch/upwork-pay-by-gender/master/resized_profile_photos/resized_images_unitedstates_allskills_2017_12_12/39195.jpg"", 1)",female,4
11462,~01a3579446b5e0ad85,"=IMAGE(""https://raw.githubusercontent.com/efoongch/upwork-pay-by-gender/master/resized_profile_photos/resized_images_unitedstates_allskills_2017_12_12/11462.jpg"", 1)",male,5
3461,~01edab4662c5156609,"=IMAGE(""https://raw.githubusercontent.com/efoongch/upwork-pay-by-gender/master/resized_profile_photos/resized_images_unitedstates_allskills_2017_12_12/3461.jpg"", 1)",female,3
4308,~01ecb6ce0abab33f53,"=IMAGE(""https://raw.githubusercontent.com/efoongch/upwork-pay-by-gender/master/resized_profile_photos/resized_images_unitedstates_allskills_2017_12_12/4308.jpg"", 1)",female,4
45447,~014a8abd77e0574f9e,"=IMAGE(""https://raw.githubusercontent.com/efoongch/upwork-pay-by-gender/master/resized_profile_photos/resized_images_unitedstates_allskills_2017_12_12/45447.jpg"", 1)",female,2
33858,~01b5c4a229510cc6e3,"=IMAGE(""https://raw.githubusercontent.com/efoongch/upwork-pay-by-gender/master/resized_profile_photos/resized_images_unitedstates_allskills_2017_12_12/33858.jpg"", 1)",female,3
33088,~0159e844efef2bbb17,"=IMAGE(""https://raw.githubusercontent.com/efoongch/upwork-pay-by-gender/master/resized_profile_photos/resized_images_unitedstates_allskills_2017_12_12/33088.jpg"", 1)",female,3
48191,~01b121ac05993d4c08,"=IMAGE(""https://raw.githubusercontent.com/efoongch/upwork-pay-by-gender/master/resized_profile_photos/resized_images_unitedstates_allskills_2017_12_12/48191.jpg"", 1)",female,3
21637,~018cdff4390dfe39ba,"=IMAGE(""https://raw.githubusercontent.com/efoongch/upwork-pay-by-gender/master/resized_profile_photos/resized_images_unitedstates_allskills_2017_12_12/21637.jpg"", 1)",female,3
32568,~01af145744701f398e,"=IMAGE(""https://raw.githubusercontent.com/efoongch/upwork-pay-by-gender/master/resized_profile_photos/resized_images_unitedstates_allskills_2017_12_12/32568.jpg"", 1)",female,3
11102,~010c1414c68b4f4898,"=IMAGE(""https://raw.githubusercontent.com/efoongch/upwork-pay-by-gender/master/resized_profile_photos/resized_images_unitedstates_allskills_2017_12_12/11102.jpg"", 1)",male,3
